<?xml version="1.0" encoding="UTF-8"?>
<!--
  ~ Copyright Robert Newson
  ~
  ~ Licensed under the Apache License, Version 2.0 (the "License");
  ~ you may not use this file except in compliance with the License.
  ~ You may obtain a copy of the License at
  ~
  ~ http://www.apache.org/licenses/LICENSE-2.0
  ~
  ~ Unless required by applicable law or agreed to in writing, software
  ~ distributed under the License is distributed on an "AS IS" BASIS,
  ~ WITHOUT WARRANTIES OR CONDITIONS OF ANY KIND, either express or implied.
  ~ See the License for the specific language governing permissions and
  ~ limitations under the License.
  -->

<!DOCTYPE log4j:configuration SYSTEM "log4j.dtd">
<log4j:configuration xmlns:log4j="http://jakarta.apache.org/log4j/">

    <!-- Output to screen -->
    <appender name="CONSOLE" class="org.apache.log4j.ConsoleAppender">
        <layout class="org.apache.log4j.PatternLayout">
            <param name="ConversionPattern"
                   value="%d{ISO8601} %p [%c{1}] %m%n"/>
        </layout>
    </appender>

    <!-- Output to file -->
    <appender name="FILE" class="org.apache.log4j.RollingFileAppender">
        <param name="file" value="logs/couchdb-lucene.log"/>
        <param name="MaxFileSize" value="100KB"/>
        <!-- Keep one backup file -->
        <param name="MaxBackupIndex" value="1"/>
        <layout class="org.apache.log4j.PatternLayout">
            <param name="ConversionPattern"
                   value="%d{ISO8601} %p [%c{1}] %m%n"/>
        </layout>
    </appender>

    <logger name="com.github">
        <level value="INFO"/>
    </logger>

    <root>
        <priority value="WARN"/>
        <appender-ref ref="CONSOLE"/>
        <appender-ref ref="FILE"/>
    </root>
</log4j:configuration>
